<?xml version="1.0" encoding="UTF-8"?>
<project-private xmlns="http://www.netbeans.org/ns/project-private/1">
    <editor-bookmarks xmlns="http://www.netbeans.org/ns/editor-bookmarks/2" lastBookmarkId="0"/>
    <open-files xmlns="http://www.netbeans.org/ns/projectui-open-files/2">
        <group>
            <file>file:/C:/Users/USUARIO/Documents/NetBeansProjects3/Joyerias/web/Catamayo.xhtml</file>
            <file>file:/C:/Users/USUARIO/Documents/NetBeansProjects3/Joyerias/web/Loja.xhtml</file>
            <file>file:/C:/Users/USUARIO/Documents/NetBeansProjects3/Joyerias/web/resources/css/cssLayout.css</file>
            <file>file:/C:/Users/USUARIO/Documents/NetBeansProjects3/Joyerias/web/Principal.xhtml</file>
            <file>file:/C:/Users/USUARIO/Documents/NetBeansProjects3/Joyerias/web/Zamora.xhtml</file>
        </group>
    </open-files>
</project-private>
